{"g_loss_step": 0.9468166828155518, "d_loss_step": 1.473620891571045, "epoch": 5, "trainer/global_step": 354, "_timestamp": 1735260264.1501753, "_runtime": 26.027130365371704, "_step": 16, "val_g_loss": 1.0278373956680298, "val_d_loss": 0.9957055449485779, "g_loss_epoch": 1.0487892627716064, "d_loss_epoch": 1.2450138330459595}