{"val_g_loss": 0.790113627910614, "val_d_loss": 1.261407732963562, "epoch": 23, "trainer/global_step": 849, "_timestamp": 1735202469.4194365, "_runtime": 25.312490463256836, "_step": 62, "g_loss_epoch": 0.7908195853233337, "d_loss_epoch": 1.2694671154022217, "g_loss_step": 0.823637843132019, "d_loss_step": 1.2217015027999878, "parameters/generator.main.0.weight": {"_type": "histogram", "values": [6.0, 8.0, 4.0, 17.0, 20.0, 25.0, 30.0, 46.0, 58.0, 57.0, 84.0, 101.0, 129.0, 129.0, 168.0, 168.0, 195.0, 198.0, 205.0, 198.0, 199.0, 212.0, 227.0, 216.0, 215.0, 259.0, 213.0, 230.0, 236.0, 238.0, 246.0, 227.0, 241.0, 247.0, 247.0, 237.0, 215.0, 239.0, 217.0, 228.0, 219.0, 224.0, 241.0, 247.0, 216.0, 219.0, 179.0, 184.0, 169.0, 162.0, 145.0, 119.0, 108.0, 90.0, 69.0, 55.0, 35.0, 36.0, 21.0, 21.0, 8.0, 6.0, 5.0, 3.0], "bins": [-0.08835002779960632, -0.08558285981416702, -0.08281569927930832, -0.08004853129386902, -0.07728136330842972, -0.07451420277357101, -0.07174703478813171, -0.06897986680269241, -0.06621269881725311, -0.06344553828239441, -0.06067837029695511, -0.05791120603680611, -0.055144041776657104, -0.052376873791217804, -0.0496097095310688, -0.0468425415456295, -0.0440753772854805, -0.0413082130253315, -0.0385410450398922, -0.035773880779743195, -0.033006712794303894, -0.030239548534154892, -0.02747238427400589, -0.02470521815121174, -0.021938052028417587, -0.019170885905623436, -0.016403719782829285, -0.013636555522680283, -0.010869389399886131, -0.00810222327709198, -0.005335058085620403, -0.0025678924284875393, 0.0001992732286453247, 0.0029664388857781887, 0.005733604542911053, 0.00850076973438263, 0.01126793585717678, 0.014035101979970932, 0.016802266240119934, 0.019569432362914085, 0.022336598485708237, 0.025103764608502388, 0.02787093073129654, 0.03063809499144554, 0.03340525925159454, 0.036172427237033844, 0.038939591497182846, 0.04170675948262215, 0.04447392374277115, 0.04724108800292015, 0.05000825598835945, 0.05277542024850845, 0.055542588233947754, 0.058309752494096756, 0.06107691675424576, 0.06384408473968506, 0.06661124527454376, 0.06937841325998306, 0.07214558124542236, 0.07491274923086166, 0.07767990976572037, 0.08044707775115967, 0.08321424573659897, 0.08598140627145767, 0.08874857425689697]}, "parameters/generator.main.1.weight": {"_type": "histogram", "values": [1.0, 0.0, 0.0, 0.0, 0.0, 0.0, 2.0, 0.0, 2.0, 1.0, 0.0, 0.0, 1.0, 1.0, 0.0, 1.0, 1.0, 0.0, 0.0, 0.0, 0.0, 2.0, 0.0, 1.0, 0.0, 0.0, 0.0, 0.0, 0.0, 1.0, 1.0, 0.0, 0.0, 2.0, 2.0, 1.0, 1.0, 0.0, 2.0, 3.0, 0.0, 0.0, 0.0, 0.0, 0.0, 0.0, 1.0, 0.0, 0.0, 1.0, 0.0, 0.0, 0.0, 0.0, 0.0, 0.0, 0.0, 0.0, 1.0, 0.0, 0.0, 1.0, 1.0, 1.0], "bins": [0.9794992208480835, 0.9801951050758362, 0.9808909893035889, 0.9815868735313416, 0.9822826981544495, 0.9829785823822021, 0.9836744666099548, 0.9843703508377075, 0.9850662350654602, 0.9857621192932129, 0.9864579439163208, 0.9871538281440735, 0.9878497123718262, 0.9885455965995789, 0.9892414808273315, 0.9899373650550842, 0.9906332492828369, 0.9913290739059448, 0.9920249581336975, 0.9927208423614502, 0.9934167265892029, 0.9941126108169556, 0.9948084950447083, 0.9955043196678162, 0.9962002038955688, 0.9968960881233215, 0.9975919723510742, 0.9982878565788269, 0.9989837408065796, 0.9996795654296875, 1.000375509262085, 1.0010713338851929, 1.0017671585083008, 1.0024631023406982, 1.0031589269638062, 1.0038548707962036, 1.0045506954193115, 1.005246639251709, 1.005942463874817, 1.0066382884979248, 1.0073342323303223, 1.0080300569534302, 1.0087260007858276, 1.0094218254089355, 1.010117769241333, 1.010813593864441, 1.0115094184875488, 1.0122053623199463, 1.0129011869430542, 1.0135971307754517, 1.0142929553985596, 1.014988899230957, 1.015684723854065, 1.0163805484771729, 1.0170764923095703, 1.0177723169326782, 1.0184682607650757, 1.0191640853881836, 1.0198599100112915, 1.020555853843689, 1.0212516784667969, 1.0219476222991943, 1.0226434469223022, 1.0233393907546997, 1.0240352153778076]}, "parameters/generator.main.1.bias": {"_type": "histogram", "values": [1.0, 0.0, 0.0, 1.0, 0.0, 0.0, 0.0, 0.0, 0.0, 0.0, 1.0, 1.0, 1.0, 0.0, 0.0, 2.0, 0.0, 1.0, 1.0, 0.0, 0.0, 1.0, 2.0, 1.0, 1.0, 1.0, 0.0, 1.0, 0.0, 2.0, 1.0, 0.0, 2.0, 0.0, 1.0, 1.0, 1.0, 0.0, 0.0, 1.0, 1.0, 0.0, 1.0, 0.0, 0.0, 1.0, 0.0, 0.0, 1.0, 0.0, 0.0, 1.0, 0.0, 0.0, 0.0, 0.0, 0.0, 1.0, 0.0, 0.0, 0.0, 0.0, 0.0, 1.0], "bins": [-0.008176501840353012, -0.007488680072128773, -0.006800857838243246, -0.006113035604357719, -0.00542521383613348, -0.004737392067909241, -0.004049569834023714, -0.003361747832968831, -0.002673925831913948, -0.001986103830859065, -0.001298281829804182, -0.000610459828749299, 7.736217230558395e-05, 0.000765184173360467, 0.00145300617441535, 0.002140828175470233, 0.002828650176525116, 0.003516472177579999, 0.004204294178634882, 0.004892116412520409, 0.005579938180744648, 0.006267759948968887, 0.006955582182854414, 0.007643404416739941, 0.00833122618496418, 0.00901904795318842, 0.009706869721412659, 0.010394692420959473, 0.011082514189183712, 0.011770335957407951, 0.012458158656954765, 0.013145980425179005, 0.013833802193403244, 0.014521623961627483, 0.015209445729851723, 0.015897268429398537, 0.0165850892663002, 0.017272911965847015, 0.01796073466539383, 0.018648555502295494, 0.019336378201842308, 0.020024200901389122, 0.020712021738290787, 0.0213998444378376, 0.022087667137384415, 0.02277548797428608, 0.023463310673832893, 0.024151131510734558, 0.024838954210281372, 0.025526776909828186, 0.02621459774672985, 0.026902420446276665, 0.02759024128317833, 0.028278063982725143, 0.028965886682271957, 0.029653707519173622, 0.030341530218720436, 0.03102935291826725, 0.031717173755168915, 0.03240499645471573, 0.03309281915426254, 0.03378064185380936, 0.03446846082806587, 0.035156283527612686, 0.0358441062271595]}, "parameters/generator.main.3.weight": {"_type": "histogram", "values": [1.0, 1.0, 8.0, 11.0, 23.0, 26.0, 38.0, 53.0, 57.0, 74.0, 112.0, 94.0, 133.0, 135.0, 120.0, 145.0, 164.0, 144.0, 177.0, 193.0, 178.0, 174.0, 165.0, 225.0, 208.0, 216.0, 175.0, 177.0, 189.0, 174.0, 184.0, 198.0, 202.0, 161.0, 199.0, 219.0, 193.0, 186.0, 187.0, 176.0, 180.0, 187.0, 167.0, 212.0, 173.0, 198.0, 174.0, 212.0, 197.0, 171.0, 161.0, 129.0, 129.0, 109.0, 84.0, 57.0, 52.0, 39.0, 16.0, 17.0, 10.0, 12.0, 6.0, 5.0], "bins": [-0.09050794690847397, -0.08775690197944641, -0.08500585705041885, -0.0822548121213913, -0.07950375974178314, -0.07675271481275558, -0.07400166988372803, -0.07125062495470047, -0.06849958002567291, -0.06574853509664536, -0.0629974901676178, -0.06024644151329994, -0.057495396584272385, -0.05474435165524483, -0.05199330300092697, -0.049242258071899414, -0.04649121314287186, -0.0437401682138443, -0.04098912328481674, -0.038238074630498886, -0.03548702970147133, -0.03273598477244377, -0.029984937980771065, -0.027233891189098358, -0.0244828462600708, -0.021731801331043243, -0.018980754539370537, -0.01622970774769783, -0.013478662818670273, -0.01072761695832014, -0.007976571097970009, -0.005225525237619877, -0.002474486827850342, 0.0002765590324997902, 0.003027604892849922, 0.005778650753200054, 0.008529696613550186, 0.011280742473900318, 0.01403178833425045, 0.016782835125923157, 0.019533880054950714, 0.02228492498397827, 0.025035971775650978, 0.027787018567323685, 0.030538063496351242, 0.0332891084253788, 0.036040157079696655, 0.03879120200872421, 0.04154224693775177, 0.04429329186677933, 0.047044336795806885, 0.04979538545012474, 0.0525464303791523, 0.055297475308179855, 0.05804852396249771, 0.06079956889152527, 0.06355061382055283, 0.06630165874958038, 0.06905270367860794, 0.0718037486076355, 0.07455480098724365, 0.07730584591627121, 0.08005689084529877, 0.08280793577432632, 0.08555898070335388]}, "parameters/generator.main.4.weight": {"_type": "histogram",