{"val_g_loss": 0.6765977740287781, "val_d_loss": 1.4006675481796265, "epoch": 3, "trainer/global_step": 107, "_timestamp": 1735203713.7704818, "_runtime": 40.496031761169434, "_step": 7, "g_loss_epoch": 0.6724236607551575, "d_loss_epoch": 1.3965834379196167, "g_loss_step": 0.6752497553825378, "d_loss_step": 1.4021660089492798}