{"val_g_loss": 0.6947454810142517, "val_d_loss": 1.364669680595398, "epoch": 16, "trainer/global_step": 575, "_timestamp": 1735205708.9652514, "_runtime": 159.16302037239075, "_step": 42, "g_loss_epoch": 0.7025454640388489, "d_loss_epoch": 1.369610071182251, "g_loss_step": 0.707159161567688, "d_loss_step": 1.3707466125488281, "parameters/generator.main.0.weight": {"_type": "histogram", "values": [2.0, 0.0, 2.0, 4.0, 5.0, 3.0, 10.0, 10.0, 22.0, 26.0, 38.0, 47.0, 51.0, 51.0, 76.0, 90.0, 76.0, 91.0, 116.0, 128.0, 134.0, 152.0, 182.0, 202.0, 211.0, 238.0, 235.0, 269.0, 316.0, 365.0, 390.0, 452.0, 592.0, 603.0, 460.0, 380.0, 340.0, 304.0, 247.0, 238.0, 242.0, 234.0, 186.0, 191.0, 123.0, 173.0, 133.0, 109.0, 110.0, 104.0, 86.0, 74.0, 62.0, 42.0, 49.0, 32.0, 30.0, 31.0, 17.0, 8.0, 5.0, 6.0, 3.0, 8.0], "bins": [-0.2121295928955078, -0.20570026338100433, -0.19927093386650085, -0.19284160435199738, -0.1864122748374939, -0.17998293042182922, -0.17355360090732574, -0.16712427139282227, -0.1606949418783188, -0.1542656123638153, -0.14783628284931183, -0.14140695333480835, -0.13497760891914368, -0.1285482794046402, -0.12211894989013672, -0.11568962037563324, -0.10926029086112976, -0.10283096134662628, -0.0964016318321228, -0.08997229486703873, -0.08354296535253525, -0.07711363583803177, -0.07068429887294769, -0.06425496935844421, -0.057825639843940735, -0.051396310329437256, -0.04496697708964348, -0.0385376438498497, -0.03210831433534622, -0.025678982958197594, -0.019249651581048965, -0.012820320203900337, -0.006391003727912903, 3.83276492357254e-05, 0.006467659026384354, 0.012896990403532982, 0.01932632178068161, 0.02575565315783024, 0.03218498453497887, 0.038614317774772644, 0.04504364728927612, 0.0514729768037796, 0.05790231004357338, 0.06433164328336716, 0.07076097279787064, 0.07719030231237411, 0.08361963927745819, 0.09004896879196167, 0.09647829830646515, 0.10290762782096863, 0.1093369573354721, 0.11576629430055618, 0.12219562381505966, 0.12862496078014374, 0.13505429029464722, 0.1414836198091507, 0.14791294932365417, 0.15434227883815765, 0.16077160835266113, 0.1672009378671646, 0.1736302673816681, 0.18005961179733276, 0.18648894131183624, 0.19291827082633972, 0.1993476003408432]}, "parameters/generator.main.2.weight": {"_type": "histogram", "values": [3.0, 2.0, 3.0, 2.0, 9.0, 9.0, 6.0, 12.0, 13.0, 14.0, 22.0, 32.0, 47.0, 54.0, 70.0, 89.0, 133.0, 120.0, 149.0, 178.0, 220.0, 215.0, 242.0, 263.0, 295.0, 283.0, 312.0, 324.0, 338.0, 329.0, 340.0, 360.0, 300.0, 342.0, 290.0, 295.0, 281.0, 283.0, 245.0, 209.0, 231.0, 186.0, 158.0, 145.0, 121.0, 119.0, 75.0, 77.0, 84.0, 55.0, 46.0, 42.0, 23.0, 26.0, 16.0, 15.0, 15.0, 7.0, 3.0, 1.0, 5.0, 3.0, 2.0, 4.0], "bins": [-0.1778945028781891, -0.1719229519367218, -0.16595140099525452, -0.15997985005378723, -0.15400831401348114, -0.14803676307201385, -0.14206521213054657, -0.13609366118907928, -0.130122110247612, -0.12415056675672531, -0.11817901581525803, -0.11220746487379074, -0.10623592138290405, -0.10026437044143677, -0.09429281949996948, -0.0883212760090828, -0.08234972506761551, -0.07637817412614822, -0.07040663063526154, -0.06443507969379425, -0.058463528752326965, -0.05249198153614998, -0.04652043431997299, -0.04054888337850571, -0.03457733616232872, -0.028605787083506584, -0.022634238004684448, -0.01666269078850746, -0.010691141709685326, -0.004719593096524477, 0.0012519555166363716, 0.00722350412979722, 0.013195052742958069, 0.019166601821780205, 0.02513815090060234, 0.031109698116779327, 0.03708124905824661, 0.0430527962744236, 0.049024343490600586, 0.05499589443206787, 0.06096744164824486, 0.06693898886442184, 0.07291053980588913, 0.07888209074735641, 0.0848536342382431, 0.09082518517971039, 0.09679673612117767, 0.10276827961206436, 0.10873983055353165, 0.11471138149499893, 0.12068292498588562, 0.1266544759273529, 0.1326260268688202, 0.13859757781028748, 0.14456912875175476, 0.15054066479206085, 0.15651221573352814, 0.16248376667499542, 0.1684553176164627, 0.17442686855793, 0.18039841949939728, 0.18636995553970337, 0.19234150648117065, 0.19831305742263794, 0.20428460836410522]}, "parameters/generator.main.4.weight": {"_type": "histogram", "values": [2.0, 1.0, 2.0, 2.0, 1.0, 4.0, 8.0, 9.0, 6.0, 7.0, 14.0, 8.0, 13.0, 25.0, 15.0, 20.0, 15.0, 23.0, 24.0, 25.0, 16.0, 26.0, 22.0, 32.0, 18.0, 21.0, 11.0, 21.0, 33.0, 24.0, 27.0, 28.0, 14.0, 28.0, 26.0, 17.0, 32.0, 16.0, 22.0, 17.0, 24.0, 16.0, 27.0, 23.0, 20.0, 12.0, 19.0, 8.0, 13.0, 7.0, 5.0, 4.0, 0.0, 1.0, 1.0, 5.0, 1.0, 0.0, 2.0, 0.0, 0.0, 0.0, 0.0, 1.0], "bins": [-0.21325352787971497, -0.20560459792613983, -0.1979556530714035, -0.19030672311782837, -0.18265779316425323, -0.1750088483095169, -0.16735991835594177, -0.15971098840236664, -0.1520620435476303, -0.14441311359405518, -0.13676418364048004, -0.1291152387857437, -0.12146630883216858, -0.11381737142801285, -0.10616843402385712, -0.09851950407028198, -0.09087056666612625, -0.08322162926197052, -0.07557269930839539, -0.06792376190423965, -0.06027482450008392, -0.05262589082121849, -0.04497695714235306, -0.03732801973819733, -0.029679086059331894, -0.022030150517821312, -0.014381215907633305, -0.00673228083178401, 0.0009166542440652847, 0.008565589785575867, 0.0162145234644413, 0.02386345900595188, 0.03151239454746246, 0.039161328226327896, 0.04681026563048363, 0.05445919930934906, 0.06210813671350479, 0.06975706666707993, 0.07740600407123566, 0.08505494147539139, 0.09270387887954712, 0.10035280883312225, 0.10800174623727798, 0.11565068364143372, 0.12329961359500885, 0.13094854354858398, 0.1385974884033203, 0.14624641835689545, 0.15389534831047058, 0.1615442931652069, 0.16919322311878204, 0.17684216797351837, 0.1844910979270935, 0.19214002788066864, 0.19978897273540497, 0.2074379026889801, 0.21508683264255524, 0.22273577749729156, 0.2303847074508667, 0.23803363740444183, 0.24568258225917816, 0.2533315122127533, 0.2609804570674896, 0.26862937211990356, 0.2762783169746399]}, "parameters/discriminator.main.0.weight": {"_type": "histogram", "values": [1.0, 1.0, 0.0, 1.0, 0.0, 0.0, 0.0, 0.0, 3.0, 3.0, 5.0, 4.0, 4.0, 4.0, 9.0, 3.0, 7.0, 9.0, 11.0, 7.0, 20.0, 14.0, 12.0, 19.0, 18.0, 25.0, 27.0, 22.0, 32.0, 24.0, 15.0, 29.0, 28.0, 30.0, 31.0, 38.0, 26.0, 29.0, 28.0, 23.0, 24.0, 31.0, 30.0, 35.0, 30.0, 21.0, 20.0, 11.0, 22.0, 7.0, 11.0, 11.0, 13.0, 3.0, 4.0, 7.0, 3.0, 9.0, 7.0, 0.0, 1.0, 0.0, 1.0, 1.0], "bins": [-0.26899904012680054, -0.2610900104045868, -0.25318098068237305, -0.2452719509601593, -0.23736292123794556, -0.229453906416893, -0.22154487669467926, -0.21363584697246552, -0.20572681725025177, -0.19781778752803802, -0.18990875780582428, -0.18199972808361053, -0.17409071326255798, -0.16618168354034424, -0.1582726538181305, -0.15036362409591675, -0.142454594373703, -0.13454556465148926, -0.1266365349292755, -0.11872751265764236, -0.11081848293542862, -0.10290945321321487, -0.09500043094158173, -0.08709140121936798, -0.07918237149715424, -0.07127334177494049, -0.06336431205272675, -0.0554552897810936, -0.04754626005887985, -0.03963723033666611, -0.03172820433974266, -0.023819176480174065, -0.015910178422927856, -0.00800115056335926, -9.212270379066467e-05, 0.007816905155777931, 0.015725933015346527, 0.023634960874915123, 0.03154398873448372, 0.039453014731407166, 0.04736204445362091, 0.055271074175834656, 0.0631801038980484, 0.07108912616968155, 0.0789981558918953, 0.08690718561410904, 0.09481620788574219, 0.10272523760795593, 0.11063426733016968, 0.11854329705238342, 0.12645232677459717, 0.1343613564968109, 0.14227038621902466, 0.1501794010400772, 0.15808843076229095, 0.1659974604845047, 0.17390649020671844, 0.1818155199289322, 0.18972454965114594, 0.19763357937335968, 0.20554259419441223, 0.21345162391662598, 0.22136065363883972, 0.22926968336105347, 0.2371787130832672]}, "parameters/discriminator.main.2.weight": {"_type": "histogram",