{"val_g_loss": 0.7307717204093933, "val_d_loss": 1.2538264989852905, "epoch": 2, "trainer/global_step": 99, "_timestamp": 1735203598.0409615, "_runtime": 212.00537753105164, "_step": 5, "g_loss_epoch": 0.7465710639953613, "d_loss_epoch": 1.26277494430542, "g_loss_step": 0.7023990154266357, "d_loss_step": 1.2616314888000488}